{
    "metrics": {
        "http_req_waiting": {
            "max": 720.5834,
            "p(90)": 614.9606,
            "p(95)": 649.43466,
            "avg": 442.1731370558375,
            "min": 52.9439,
            "med": 442.2635
        },
        "iterations": {
            "count": 197,
            "rate": 42.37723101063372
        },
        "checks": {
            "passes": 197,
            "fails": 2167,
            "value": 0.08333333333333333
        },
        "iteration_duration": {
            "avg": 2852.4738888324882,
            "min": 1365.6549,
            "med": 2896.3843,
            "max": 4285.9321,
            "p(90)": 3821.93814,
            "p(95)": 4002.4013999999997
        },
        "http_req_receiving": {
            "min": 0,
            "med": 0,
            "max": 988.8251,
            "p(90)": 99.46988000000002,
            "p(95)": 130.30057999999983,
            "avg": 26.507734010152287
        },
        "http_req_failed": {
            "passes": 3,
            "fails": 194,
            "value": 0.015228426395939087
        },
        "http_req_duration": {
            "avg": 486.09228172588854,
            "min": 54.8945,
            "med": 487.0363,
            "max": 1511.6434,
            "p(90)": 690.6075000000001,
            "p(95)": 744.01748
        },
        "http_req_duration{expected_response:true}": {
            "med": 497.93515,
            "max": 1511.6434,
            "p(90)": 692.8254000000002,
            "p(95)": 744.485165,
            "avg": 491.9554201030931,
            "min": 206.4045
        },
        "http_req_blocked": {
            "max": 1919.752,
            "p(90)": 297.6367400000001,
            "p(95)": 436.3509199999999,
            "avg": 99.55415837563454,
            "min": 3.9978,
            "med": 22.541
        },
        "vus_max": {
            "value": 200,
            "min": 200,
            "max": 200
        },
        "http_req_connecting": {
            "max": 799.3938,
            "p(90)": 44.663140000000006,
            "p(95)": 83.8145999999998,
            "avg": 26.197510152284252,
            "min": 0.9969,
            "med": 6.0012
        },
        "http_req_tls_handshaking": {
            "avg": 70.89416395939088,
            "min": 2.9922,
            "med": 11.7484,
            "max": 1703.426,
            "p(90)": 155.72946000000007,
            "p(95)": 339.27405999999985
        },
        "http_req_sending": {
            "med": 1.0016,
            "max": 816.3944,
            "p(90)": 11.723840000000031,
            "p(95)": 80.7200999999999,
            "avg": 17.411410659898483,
            "min": 0
        },
        "data_received": {
            "count": 812915,
            "rate": 174868.4606447173
        },
        "vus": {
            "value": 102,
            "min": 102,
            "max": 197
        },
        "http_reqs": {
            "count": 197,
            "rate": 42.37723101063372
        },
        "data_sent": {
            "count": 7356644,
            "rate": 1582508.640867982
        }
    },
    "root_group": {
        "name": "",
        "path": "",
        "id": "d41d8cd98f00b204e9800998ecf8427e",
        "groups": {},
        "checks": {
                "200 OK": {
                    "id": "e9654c443eff553da9e69eda7007924e",
                    "passes": 194,
                    "fails": 3,
                    "name": "200 OK",
                    "path": "::200 OK"
                },
                "201 Created": {
                    "name": "201 Created",
                    "path": "::201 Created",
                    "id": "728dcd977aae263ca314731145e1d447",
                    "passes": 0,
                    "fails": 197
                },
                "204 No Content": {
                    "passes": 0,
                    "fails": 197,
                    "name": "204 No Content",
                    "path": "::204 No Content",
                    "id": "54fa3c2eda34e1622fda2da5e0479fc5"
                },
                "400 Bad Request": {
                    "fails": 197,
                    "name": "400 Bad Request",
                    "path": "::400 Bad Request",
                    "id": "eeae81934b9b58bccaf0184a6d070338",
                    "passes": 0
                },
                "401 Unauthorized": {
                    "fails": 197,
                    "name": "401 Unauthorized",
                    "path": "::401 Unauthorized",
                    "id": "6ae9254e6aefe7f0bafe5102fa7e20a5",
                    "passes": 0
                },
                "403 Forbidden": {
                    "name": "403 Forbidden",
                    "path": "::403 Forbidden",
                    "id": "655548b761742c5a7ad15aa7df3a5d9c",
                    "passes": 0,
                    "fails": 197
                },
                "404 Not Found": {
                    "name": "404 Not Found",
                    "path": "::404 Not Found",
                    "id": "df1528f9925ca236bac51008f77b774a",
                    "passes": 0,
                    "fails": 197
                },
                "429 Too Many Requests": {
                    "name": "429 Too Many Requests",
                    "path": "::429 Too Many Requests",
                    "id": "b810c35b9499cc7342fd415032e3a6aa",
                    "passes": 0,
                    "fails": 197
                },
                "500 Internal Server Error": {
                    "name": "500 Internal Server Error",
                    "path": "::500 Internal Server Error",
                    "id": "3cd96245b24e869810efe46d533b0eef",
                    "passes": 0,
                    "fails": 197
                },
                "502 Bad Gateway": {
                    "name": "502 Bad Gateway",
                    "path": "::502 Bad Gateway",
                    "id": "712cb0ec189a11f31f0d6d0c0031b569",
                    "passes": 3,
                    "fails": 194
                },
                "503 Service Unavailable": {
                    "path": "::503 Service Unavailable",
                    "id": "f1ea1a22be0dc738c385523a66ea1cd9",
                    "passes": 0,
                    "fails": 197,
                    "name": "503 Service Unavailable"
                },
                "504 Gateway Timeout": {
                    "name": "504 Gateway Timeout",
                    "path": "::504 Gateway Timeout",
                    "id": "218efb729cb654723ccd57c6ebbebe29",
                    "passes": 0,
                    "fails": 197
                }
            }
    }
}