{
    "metrics": {
        "http_req_failed": {
            "passes": 0,
            "fails": 3125,
            "value": 0
        },
        "http_req_connecting": {
            "p(90)": 229.14273999999997,
            "p(95)": 349.5624999999994,
            "avg": 92.14318166399993,
            "min": 0,
            "med": 32.9646,
            "max": 4925.5152
        },
        "http_req_tls_handshaking": {
            "min": 0,
            "med": 35.4227,
            "max": 10099.7244,
            "p(90)": 868.8917399999999,
            "p(95)": 2386.337739999999,
            "avg": 344.81447971199975
        },
        "vus": {
            "min": 0,
            "max": 3125,
            "value": 538
        },
        "http_req_duration": {
            "max": 8471.3977,
            "p(90)": 543.15368,
            "p(95)": 1015.6242799999993,
            "avg": 324.3840774400002,
            "min": 60.0149,
            "med": 145.6672
        },
        "http_req_receiving": {
            "med": 0,
            "max": 7766.0298,
            "p(90)": 1.0009599999999998,
            "p(95)": 92.5588,
            "avg": 82.56643212799993,
            "min": 0
        },
        "data_received": {
            "count": 12893750,
            "rate": 291939.1812553859
        },
        "http_reqs": {
            "rate": 70.7559818844852,
            "count": 3125
        },
        "http_req_sending": {
            "min": 0,
            "med": 1.0012,
            "max": 5252.0824,
            "p(90)": 54.99886,
            "p(95)": 142.62329999999992,
            "avg": 48.537364480000015
        },
        "iteration_duration": {
            "p(90)": 7809.5019999999995,
            "p(95)": 9235.093779999996,
            "avg": 4311.1351962239905,
            "min": 1156.0786,
            "med": 3594.4369,
            "max": 17033.957
        },
        "checks": {
            "passes": 3125,
            "fails": 34375,
            "value": 0.08333333333333333
        },
        "data_sent": {
            "count": 116684325,
            "rate": 2641956.4754890827
        },
        "http_req_waiting": {
            "max": 4723.8409,
            "p(90)": 380.0211999999999,
            "p(95)": 479.8637999999999,
            "avg": 193.2802808320004,
            "min": 57.315,
            "med": 135.022
        },
        "http_req_duration{expected_response:true}": {
            "min": 60.0149,
            "med": 145.6672,
            "max": 8471.3977,
            "p(90)": 543.15368,
            "p(95)": 1015.6242799999993,
            "avg": 324.3840774400002
        },
        "vus_max": {
            "value": 3125,
            "min": 1735,
            "max": 3125
        },
        "iterations": {
            "count": 3125,
            "rate": 70.7559818844852
        },
        "http_req_blocked": {
            "p(90)": 1285.4922,
            "p(95)": 2990.4163399999966,
            "avg": 480.0175628159996,
            "min": 0,
            "med": 82.7447,
            "max": 10390.1358
        }
    },
    "root_group": {
        "id": "d41d8cd98f00b204e9800998ecf8427e",
        "groups": {},
        "checks": {
                "200 OK": {
                    "passes": 3125,
                    "fails": 0,
                    "name": "200 OK",
                    "path": "::200 OK",
                    "id": "e9654c443eff553da9e69eda7007924e"
                },
                "201 Created": {
                    "name": "201 Created",
                    "path": "::201 Created",
                    "id": "728dcd977aae263ca314731145e1d447",
                    "passes": 0,
                    "fails": 3125
                },
                "204 No Content": {
                    "fails": 3125,
                    "name": "204 No Content",
                    "path": "::204 No Content",
                    "id": "54fa3c2eda34e1622fda2da5e0479fc5",
                    "passes": 0
                },
                "400 Bad Request": {
                    "id": "eeae81934b9b58bccaf0184a6d070338",
                    "passes": 0,
                    "fails": 3125,
                    "name": "400 Bad Request",
                    "path": "::400 Bad Request"
                },
                "401 Unauthorized": {
                    "path": "::401 Unauthorized",
                    "id": "6ae9254e6aefe7f0bafe5102fa7e20a5",
                    "passes": 0,
                    "fails": 3125,
                    "name": "401 Unauthorized"
                },
                "403 Forbidden": {
                    "name": "403 Forbidden",
                    "path": "::403 Forbidden",
                    "id": "655548b761742c5a7ad15aa7df3a5d9c",
                    "passes": 0,
                    "fails": 3125
                },
                "404 Not Found": {
                    "name": "404 Not Found",
                    "path": "::404 Not Found",
                    "id": "df1528f9925ca236bac51008f77b774a",
                    "passes": 0,
                    "fails": 3125
                },
                "429 Too Many Requests": {
                    "passes": 0,
                    "fails": 3125,
                    "name": "429 Too Many Requests",
                    "path": "::429 Too Many Requests",
                    "id": "b810c35b9499cc7342fd415032e3a6aa"
                },
                "500 Internal Server Error": {
                    "name": "500 Internal Server Error",
                    "path": "::500 Internal Server Error",
                    "id": "3cd96245b24e869810efe46d533b0eef",
                    "passes": 0,
                    "fails": 3125
                },
                "502 Bad Gateway": {
                    "name": "502 Bad Gateway",
                    "path": "::502 Bad Gateway",
                    "id": "712cb0ec189a11f31f0d6d0c0031b569",
                    "passes": 0,
                    "fails": 3125
                },
                "503 Service Unavailable": {
                    "name": "503 Service Unavailable",
                    "path": "::503 Service Unavailable",
                    "id": "f1ea1a22be0dc738c385523a66ea1cd9",
                    "passes": 0,
                    "fails": 3125
                },
                "504 Gateway Timeout": {
                    "id": "218efb729cb654723ccd57c6ebbebe29",
                    "passes": 0,
                    "fails": 3125,
                    "name": "504 Gateway Timeout",
                    "path": "::504 Gateway Timeout"
                }
            },
        "name": "",
        "path": ""
    }
}