{
    "metrics": {
        "http_req_tls_handshaking": {
            "med": 15.50995,
            "max": 1078.625,
            "p(90)": 211.62538999999938,
            "p(95)": 579.0375949999991,
            "avg": 83.330356,
            "min": 2.0028
        },
        "http_req_duration": {
            "max": 1071.2573,
            "p(90)": 304.8301999999998,
            "p(95)": 571.1183099999998,
            "avg": 210.90652750000004,
            "min": 100.3514,
            "med": 166.35915
        },
        "http_req_connecting": {
            "min": 0,
            "med": 8.89275,
            "max": 596.5659,
            "p(90)": 38.95685999999999,
            "p(95)": 64.35319999999996,
            "avg": 19.3110575
        },
        "data_sent": {
            "count": 7467888,
            "rate": 2069118.8031691571
        },
        "http_req_duration{expected_response:true}": {
            "p(90)": 304.8301999999998,
            "p(95)": 571.1183099999998,
            "avg": 210.90652750000004,
            "min": 100.3514,
            "med": 166.35915,
            "max": 1071.2573
        },
        "http_req_waiting": {
            "avg": 162.18782699999997,
            "min": 88.1767,
            "med": 158.8003,
            "max": 542.2625,
            "p(90)": 190.67337,
            "p(95)": 199.05660999999998
        },
        "http_req_receiving": {
            "min": 0,
            "med": 0,
            "max": 932.643,
            "p(90)": 20.444049999999987,
            "p(95)": 216.88181499999993,
            "avg": 31.20702150000001
        },
        "http_req_sending": {
            "p(90)": 17.157799999999945,
            "p(95)": 88.39139999999956,
            "avg": 17.511679,
            "min": 0,
            "med": 0.99985,
            "max": 576.3227
        },
        "vus_max": {
            "value": 200,
            "min": 200,
            "max": 200
        },
        "data_received": {
            "count": 825200,
            "rate": 228637.17779045273
        },
        "http_reqs": {
            "count": 200,
            "rate": 55.41376097684264
        },
        "http_req_blocked": {
            "avg": 111.64690549999996,
            "min": 4.1737,
            "med": 29.95775,
            "max": 1406.2885,
            "p(90)": 333.1281899999993,
            "p(95)": 695.0747749999999
        },
        "checks": {
            "passes": 200,
            "fails": 2200,
            "value": 0.08333333333333333
        },
        "iteration_duration": {
            "avg": 2435.413074499999,
            "min": 1221.2993,
            "med": 2454.0476,
            "max": 3538.4003,
            "p(90)": 3138.68213,
            "p(95)": 3285.259685
        },
        "iterations": {
            "count": 200,
            "rate": 55.41376097684264
        },
        "vus": {
            "value": 130,
            "min": 130,
            "max": 200
        },
        "http_req_failed": {
            "passes": 0,
            "fails": 200,
            "value": 0
        }
    },
    "root_group": {
        "name": "",
        "path": "",
        "id": "d41d8cd98f00b204e9800998ecf8427e",
        "groups": {},
        "checks": {
                "200 OK": {
                    "fails": 0,
                    "name": "200 OK",
                    "path": "::200 OK",
                    "id": "e9654c443eff553da9e69eda7007924e",
                    "passes": 200
                },
                "201 Created": {
                    "passes": 0,
                    "fails": 200,
                    "name": "201 Created",
                    "path": "::201 Created",
                    "id": "728dcd977aae263ca314731145e1d447"
                },
                "204 No Content": {
                    "name": "204 No Content",
                    "path": "::204 No Content",
                    "id": "54fa3c2eda34e1622fda2da5e0479fc5",
                    "passes": 0,
                    "fails": 200
                },
                "400 Bad Request": {
                    "id": "eeae81934b9b58bccaf0184a6d070338",
                    "passes": 0,
                    "fails": 200,
                    "name": "400 Bad Request",
                    "path": "::400 Bad Request"
                },
                "401 Unauthorized": {
                    "name": "401 Unauthorized",
                    "path": "::401 Unauthorized",
                    "id": "6ae9254e6aefe7f0bafe5102fa7e20a5",
                    "passes": 0,
                    "fails": 200
                },
                "403 Forbidden": {
                    "name": "403 Forbidden",
                    "path": "::403 Forbidden",
                    "id": "655548b761742c5a7ad15aa7df3a5d9c",
                    "passes": 0,
                    "fails": 200
                },
                "404 Not Found": {
                    "fails": 200,
                    "name": "404 Not Found",
                    "path": "::404 Not Found",
                    "id": "df1528f9925ca236bac51008f77b774a",
                    "passes": 0
                },
                "429 Too Many Requests": {
                    "name": "429 Too Many Requests",
                    "path": "::429 Too Many Requests",
                    "id": "b810c35b9499cc7342fd415032e3a6aa",
                    "passes": 0,
                    "fails": 200
                },
                "500 Internal Server Error": {
                    "name": "500 Internal Server Error",
                    "path": "::500 Internal Server Error",
                    "id": "3cd96245b24e869810efe46d533b0eef",
                    "passes": 0,
                    "fails": 200
                },
                "502 Bad Gateway": {
                    "name": "502 Bad Gateway",
                    "path": "::502 Bad Gateway",
                    "id": "712cb0ec189a11f31f0d6d0c0031b569",
                    "passes": 0,
                    "fails": 200
                },
                "503 Service Unavailable": {
                    "passes": 0,
                    "fails": 200,
                    "name": "503 Service Unavailable",
                    "path": "::503 Service Unavailable",
                    "id": "f1ea1a22be0dc738c385523a66ea1cd9"
                },
                "504 Gateway Timeout": {
                    "id": "218efb729cb654723ccd57c6ebbebe29",
                    "passes": 0,
                    "fails": 200,
                    "name": "504 Gateway Timeout",
                    "path": "::504 Gateway Timeout"
                }
            }
    }
}