{
    "metrics": {
        "http_req_waiting": {
            "avg": 135.3597,
            "min": 135.3597,
            "med": 135.3597,
            "max": 135.3597,
            "p(90)": 135.3597,
            "p(95)": 135.3597
        },
        "vus_max": {
            "value": 1,
            "min": 1,
            "max": 1
        },
        "http_req_receiving": {
            "avg": 0,
            "min": 0,
            "med": 0,
            "max": 0,
            "p(90)": 0,
            "p(95)": 0
        },
        "http_req_failed": {
            "passes": 0,
            "fails": 1,
            "value": 0
        },
        "http_req_blocked": {
            "avg": 12.0493,
            "min": 12.0493,
            "med": 12.0493,
            "max": 12.0493,
            "p(90)": 12.0493,
            "p(95)": 12.0493
        },
        "http_req_duration{expected_response:true}": {
            "p(90)": 135.9955,
            "p(95)": 135.9955,
            "avg": 135.9955,
            "min": 135.9955,
            "med": 135.9955,
            "max": 135.9955
        },
        "http_req_sending": {
            "p(90)": 0.6358,
            "p(95)": 0.6358,
            "avg": 0.6358,
            "min": 0.6358,
            "med": 0.6358,
            "max": 0.6358
        },
        "http_req_tls_handshaking": {
            "avg": 9.0547,
            "min": 9.0547,
            "med": 9.0547,
            "max": 9.0547,
            "p(90)": 9.0547,
            "p(95)": 9.0547
        },
        "http_req_connecting": {
            "med": 1.9978,
            "max": 1.9978,
            "p(90)": 1.9978,
            "p(95)": 1.9978,
            "avg": 1.9978,
            "min": 1.9978
        },
        "http_reqs": {
            "count": 1,
            "rate": 0.8372375113885233
        },
        "iterations": {
            "count": 1,
            "rate": 0.8372375113885233
        },
        "vus": {
            "value": 1,
            "min": 1,
            "max": 1
        },
        "iteration_duration": {
            "avg": 1194.4014,
            "min": 1194.4014,
            "med": 1194.4014,
            "max": 1194.4014,
            "p(90)": 1194.4014,
            "p(95)": 1194.4014
        },
        "http_req_duration": {
            "min": 135.9955,
            "med": 135.9955,
            "max": 135.9955,
            "p(90)": 135.9955,
            "p(95)": 135.9955,
            "avg": 135.9955
        },
        "checks": {
            "fails": 11,
            "passes": 1,
            "value": 0.08333333333333333
        },
        "data_sent": {
            "count": 37344,
            "rate": 31265.797625293013
        },
        "data_received": {
            "count": 4126,
            "rate": 3454.441971989047
        }
    },
    "root_group": {
        "name": "",
        "path": "",
        "id": "d41d8cd98f00b204e9800998ecf8427e",
        "groups": {},
        "checks": {
                "200 OK": {
                    "name": "200 OK",
                    "path": "::200 OK",
                    "id": "e9654c443eff553da9e69eda7007924e",
                    "passes": 1,
                    "fails": 0
                },
                "201 Created": {
                    "name": "201 Created",
                    "path": "::201 Created",
                    "id": "728dcd977aae263ca314731145e1d447",
                    "passes": 0,
                    "fails": 1
                },
                "204 No Content": {
                    "name": "204 No Content",
                    "path": "::204 No Content",
                    "id": "54fa3c2eda34e1622fda2da5e0479fc5",
                    "passes": 0,
                    "fails": 1
                },
                "400 Bad Request": {
                    "id": "eeae81934b9b58bccaf0184a6d070338",
                    "passes": 0,
                    "fails": 1,
                    "name": "400 Bad Request",
                    "path": "::400 Bad Request"
                },
                "401 Unauthorized": {
                    "name": "401 Unauthorized",
                    "path": "::401 Unauthorized",
                    "id": "6ae9254e6aefe7f0bafe5102fa7e20a5",
                    "passes": 0,
                    "fails": 1
                },
                "403 Forbidden": {
                    "fails": 1,
                    "name": "403 Forbidden",
                    "path": "::403 Forbidden",
                    "id": "655548b761742c5a7ad15aa7df3a5d9c",
                    "passes": 0
                },
                "404 Not Found": {
                    "path": "::404 Not Found",
                    "id": "df1528f9925ca236bac51008f77b774a",
                    "passes": 0,
                    "fails": 1,
                    "name": "404 Not Found"
                },
                "429 Too Many Requests": {
                    "passes": 0,
                    "fails": 1,
                    "name": "429 Too Many Requests",
                    "path": "::429 Too Many Requests",
                    "id": "b810c35b9499cc7342fd415032e3a6aa"
                },
                "500 Internal Server Error": {
                    "name": "500 Internal Server Error",
                    "path": "::500 Internal Server Error",
                    "id": "3cd96245b24e869810efe46d533b0eef",
                    "passes": 0,
                    "fails": 1
                },
                "502 Bad Gateway": {
                    "name": "502 Bad Gateway",
                    "path": "::502 Bad Gateway",
                    "id": "712cb0ec189a11f31f0d6d0c0031b569",
                    "passes": 0,
                    "fails": 1
                },
                "503 Service Unavailable": {
                    "name": "503 Service Unavailable",
                    "path": "::503 Service Unavailable",
                    "id": "f1ea1a22be0dc738c385523a66ea1cd9",
                    "passes": 0,
                    "fails": 1
                },
                "504 Gateway Timeout": {
                    "name": "504 Gateway Timeout",
                    "path": "::504 Gateway Timeout",
                    "id": "218efb729cb654723ccd57c6ebbebe29",
                    "passes": 0,
                    "fails": 1
                }
            }
    }
}