{
    "metrics": {
        "data_received": {
            "count": 10315000,
            "rate": 317184.52270031517
        },
        "http_req_duration": {
            "avg": 1023.2416716400023,
            "min": 58.3316,
            "med": 118.1756,
            "max": 19948.8441,
            "p(90)": 1817.3883999999996,
            "p(95)": 9403.978414999989
        },
        "http_req_tls_handshaking": {
            "p(90)": 8541.256790000001,
            "p(95)": 10452.3656,
            "avg": 1460.6802449200022,
            "min": 0,
            "med": 73.83215,
            "max": 22151.4456
        },
        "http_req_receiving": {
            "p(95)": 508.8256699999967,
            "avg": 359.2061766399998,
            "min": 0,
            "med": 0,
            "max": 15548.3942,
            "p(90)": 2.602819999999991
        },
        "vus_max": {
            "max": 2500,
            "value": 2500,
            "min": 1838
        },
        "data_sent": {
            "count": 93348486,
            "rate": 2870450.3128169705
        },
        "http_req_failed": {
            "passes": 0,
            "fails": 2500,
            "value": 0
        },
        "http_req_blocked": {
            "avg": 2705.0630864000004,
            "min": 0,
            "med": 309.11205,
            "max": 27800.0336,
            "p(90)": 10919.46209,
            "p(95)": 12195.441179999998
        },
        "http_req_duration{expected_response:true}": {
            "avg": 1023.2416716400023,
            "min": 58.3316,
            "med": 118.1756,
            "max": 19948.8441,
            "p(90)": 1817.3883999999996,
            "p(95)": 9403.978414999989
        },
        "http_req_sending": {
            "avg": 339.3409854399994,
            "min": 0,
            "med": 1.9394,
            "max": 13293.5199,
            "p(90)": 355.40463999999963,
            "p(95)": 1022.4040099999976
        },
        "http_req_waiting": {
            "p(90)": 619.4086099999995,
            "p(95)": 1193.9554,
            "avg": 324.6945095599996,
            "min": 58.3316,
            "med": 106.05265,
            "max": 12856.7185
        },
        "checks": {
            "passes": 2500,
            "fails": 27500,
            "value": 0.08333333333333333
        },
        "http_req_connecting": {
            "med": 117.07065,
            "max": 20053.8423,
            "p(90)": 2101.0218,
            "p(95)": 10031.913124999981,
            "avg": 1166.9694249999995,
            "min": 0
        },
        "http_reqs": {
            "count": 2500,
            "rate": 76.87458136217042
        },
        "vus": {
            "value": 1288,
            "min": 0,
            "max": 2500
        },
        "iteration_duration": {
            "p(95)": 30412.904745,
            "avg": 20474.661347920002,
            "min": 1178.2875,
            "med": 21363.365100000003,
            "max": 32518.3717,
            "p(90)": 29554.11226
        },
        "iterations": {
            "count": 2500,
            "rate": 76.87458136217042
        }
    },
    "root_group": {
        "id": "d41d8cd98f00b204e9800998ecf8427e",
        "groups": {},
        "checks": {
                "200 OK": {
                    "name": "200 OK",
                    "path": "::200 OK",
                    "id": "e9654c443eff553da9e69eda7007924e",
                    "passes": 2500,
                    "fails": 0
                },
                "201 Created": {
                    "name": "201 Created",
                    "path": "::201 Created",
                    "id": "728dcd977aae263ca314731145e1d447",
                    "passes": 0,
                    "fails": 2500
                },
                "204 No Content": {
                    "fails": 2500,
                    "name": "204 No Content",
                    "path": "::204 No Content",
                    "id": "54fa3c2eda34e1622fda2da5e0479fc5",
                    "passes": 0
                },
                "400 Bad Request": {
                    "path": "::400 Bad Request",
                    "id": "eeae81934b9b58bccaf0184a6d070338",
                    "passes": 0,
                    "fails": 2500,
                    "name": "400 Bad Request"
                },
                "401 Unauthorized": {
                    "id": "6ae9254e6aefe7f0bafe5102fa7e20a5",
                    "passes": 0,
                    "fails": 2500,
                    "name": "401 Unauthorized",
                    "path": "::401 Unauthorized"
                },
                "403 Forbidden": {
                    "path": "::403 Forbidden",
                    "id": "655548b761742c5a7ad15aa7df3a5d9c",
                    "passes": 0,
                    "fails": 2500,
                    "name": "403 Forbidden"
                },
                "404 Not Found": {
                    "id": "df1528f9925ca236bac51008f77b774a",
                    "passes": 0,
                    "fails": 2500,
                    "name": "404 Not Found",
                    "path": "::404 Not Found"
                },
                "429 Too Many Requests": {
                    "path": "::429 Too Many Requests",
                    "id": "b810c35b9499cc7342fd415032e3a6aa",
                    "passes": 0,
                    "fails": 2500,
                    "name": "429 Too Many Requests"
                },
                "500 Internal Server Error": {
                    "id": "3cd96245b24e869810efe46d533b0eef",
                    "passes": 0,
                    "fails": 2500,
                    "name": "500 Internal Server Error",
                    "path": "::500 Internal Server Error"
                },
                "502 Bad Gateway": {
                    "name": "502 Bad Gateway",
                    "path": "::502 Bad Gateway",
                    "id": "712cb0ec189a11f31f0d6d0c0031b569",
                    "passes": 0,
                    "fails": 2500
                },
                "503 Service Unavailable": {
                    "fails": 2500,
                    "name": "503 Service Unavailable",
                    "path": "::503 Service Unavailable",
                    "id": "f1ea1a22be0dc738c385523a66ea1cd9",
                    "passes": 0
                },
                "504 Gateway Timeout": {
                    "passes": 0,
                    "fails": 2500,
                    "name": "504 Gateway Timeout",
                    "path": "::504 Gateway Timeout",
                    "id": "218efb729cb654723ccd57c6ebbebe29"
                }
            },
        "name": "",
        "path": ""
    }
}