{
    "metrics": {
        "http_req_sending": {
            "med": 1.0009,
            "max": 1.0009,
            "p(90)": 1.0009,
            "p(95)": 1.0009,
            "avg": 1.0009,
            "min": 1.0009
        },
        "data_sent": {
            "count": 37344,
            "rate": 30527.045217613508
        },
        "http_req_failed": {
            "passes": 0,
            "fails": 1,
            "value": 0
        },
        "http_req_receiving": {
            "avg": 0,
            "min": 0,
            "med": 0,
            "max": 0,
            "p(90)": 0,
            "p(95)": 0
        },
        "http_req_blocked": {
            "avg": 8.0037,
            "min": 8.0037,
            "med": 8.0037,
            "max": 8.0037,
            "p(90)": 8.0037,
            "p(95)": 8.0037
        },
        "http_req_tls_handshaking": {
            "max": 6.0035,
            "p(90)": 6.0035,
            "p(95)": 6.0035,
            "avg": 6.0035,
            "min": 6.0035,
            "med": 6.0035
        },
        "data_received": {
            "count": 4126,
            "rate": 3372.8199595081765
        },
        "checks": {
            "fails": 11,
            "passes": 1,
            "value": 0.08333333333333333
        },
        "http_req_connecting": {
            "avg": 0.9991,
            "min": 0.9991,
            "med": 0.9991,
            "max": 0.9991,
            "p(90)": 0.9991,
            "p(95)": 0.9991
        },
        "iteration_duration": {
            "avg": 1222.3043,
            "min": 1222.3043,
            "med": 1222.3043,
            "max": 1222.3043,
            "p(90)": 1222.3043,
            "p(95)": 1222.3043
        },
        "iterations": {
            "count": 1,
            "rate": 0.8174551525710558
        },
        "http_reqs": {
            "rate": 0.8174551525710558,
            "count": 1
        },
        "vus_max": {
            "value": 1,
            "min": 1,
            "max": 1
        },
        "http_req_waiting": {
            "avg": 146.3484,
            "min": 146.3484,
            "med": 146.3484,
            "max": 146.3484,
            "p(90)": 146.3484,
            "p(95)": 146.3484
        },
        "dropped_iterations": {
            "count": 1,
            "rate": 0.8174551525710558
        },
        "vus": {
            "max": 1,
            "value": 1,
            "min": 1
        },
        "http_req_duration{expected_response:true}": {
            "p(95)": 147.3493,
            "avg": 147.3493,
            "min": 147.3493,
            "med": 147.3493,
            "max": 147.3493,
            "p(90)": 147.3493
        },
        "http_req_duration": {
            "max": 147.3493,
            "p(90)": 147.3493,
            "p(95)": 147.3493,
            "avg": 147.3493,
            "min": 147.3493,
            "med": 147.3493
        }
    },
    "root_group": {
        "id": "d41d8cd98f00b204e9800998ecf8427e",
        "groups": {},
        "checks": {
                "200 OK": {
                    "passes": 1,
                    "fails": 0,
                    "name": "200 OK",
                    "path": "::200 OK",
                    "id": "e9654c443eff553da9e69eda7007924e"
                },
                "201 Created": {
                    "fails": 1,
                    "name": "201 Created",
                    "path": "::201 Created",
                    "id": "728dcd977aae263ca314731145e1d447",
                    "passes": 0
                },
                "204 No Content": {
                    "name": "204 No Content",
                    "path": "::204 No Content",
                    "id": "54fa3c2eda34e1622fda2da5e0479fc5",
                    "passes": 0,
                    "fails": 1
                },
                "400 Bad Request": {
                    "path": "::400 Bad Request",
                    "id": "eeae81934b9b58bccaf0184a6d070338",
                    "passes": 0,
                    "fails": 1,
                    "name": "400 Bad Request"
                },
                "401 Unauthorized": {
                    "passes": 0,
                    "fails": 1,
                    "name": "401 Unauthorized",
                    "path": "::401 Unauthorized",
                    "id": "6ae9254e6aefe7f0bafe5102fa7e20a5"
                },
                "403 Forbidden": {
                    "name": "403 Forbidden",
                    "path": "::403 Forbidden",
                    "id": "655548b761742c5a7ad15aa7df3a5d9c",
                    "passes": 0,
                    "fails": 1
                },
                "404 Not Found": {
                    "name": "404 Not Found",
                    "path": "::404 Not Found",
                    "id": "df1528f9925ca236bac51008f77b774a",
                    "passes": 0,
                    "fails": 1
                },
                "429 Too Many Requests": {
                    "path": "::429 Too Many Requests",
                    "id": "b810c35b9499cc7342fd415032e3a6aa",
                    "passes": 0,
                    "fails": 1,
                    "name": "429 Too Many Requests"
                },
                "500 Internal Server Error": {
                    "path": "::500 Internal Server Error",
                    "id": "3cd96245b24e869810efe46d533b0eef",
                    "passes": 0,
                    "fails": 1,
                    "name": "500 Internal Server Error"
                },
                "502 Bad Gateway": {
                    "name": "502 Bad Gateway",
                    "path": "::502 Bad Gateway",
                    "id": "712cb0ec189a11f31f0d6d0c0031b569",
                    "passes": 0,
                    "fails": 1
                },
                "503 Service Unavailable": {
                    "passes": 0,
                    "fails": 1,
                    "name": "503 Service Unavailable",
                    "path": "::503 Service Unavailable",
                    "id": "f1ea1a22be0dc738c385523a66ea1cd9"
                },
                "504 Gateway Timeout": {
                    "passes": 0,
                    "fails": 1,
                    "name": "504 Gateway Timeout",
                    "path": "::504 Gateway Timeout",
                    "id": "218efb729cb654723ccd57c6ebbebe29"
                }
            },
        "name": "",
        "path": ""
    }
}