{
    "metrics": {
        "http_reqs": {
            "count": 4375,
            "rate": 75.39213694959102
        },
        "http_req_sending": {
            "avg": 21.87837730285712,
            "min": 0,
            "med": 0.9998,
            "max": 4349.6592,
            "p(90)": 36.48053999999994,
            "p(95)": 83.52619000000004
        },
        "http_req_failed": {
            "fails": 4375,
            "passes": 0,
            "value": 0
        },
        "iteration_duration": {
            "avg": 3379.7490886857295,
            "min": 1198.5237,
            "med": 2585.6069,
            "max": 15561.6212,
            "p(90)": 6584.183859999999,
            "p(95)": 8019.09312
        },
        "http_req_connecting": {
            "max": 6820.9718,
            "p(90)": 171.43858,
            "p(95)": 236.03614000000033,
            "avg": 69.28483376,
            "min": 0,
            "med": 27.9595
        },
        "iterations": {
            "count": 4375,
            "rate": 75.39213694959102
        },
        "http_req_duration": {
            "p(90)": 1036.32834,
            "p(95)": 1409.7051000000006,
            "avg": 524.9886320000012,
            "min": 102.2523,
            "med": 318.636,
            "max": 8454.3032
        },
        "vus": {
            "value": 57,
            "min": 0,
            "max": 4345
        },
        "data_sent": {
            "count": 163358473,
            "rate": 2815072.9984667585
        },
        "vus_max": {
            "value": 4375,
            "min": 1888,
            "max": 4375
        },
        "http_req_receiving": {
            "avg": 74.99513259428578,
            "min": 0,
            "med": 0,
            "max": 7084.6878,
            "p(90)": 1.0152599999999998,
            "p(95)": 147.4908600000009
        },
        "data_received": {
            "count": 18051250,
            "rate": 311067.9570540126
        },
        "checks": {
            "passes": 4375,
            "fails": 48125,
            "value": 0.08333333333333333
        },
        "http_req_blocked": {
            "max": 8486.3543,
            "p(90)": 533.1039599999999,
            "p(95)": 997.1304600000014,
            "avg": 256.4853832228574,
            "min": 0,
            "med": 67.285
        },
        "http_req_waiting": {
            "avg": 428.1151221028583,
            "min": 101.2501,
            "med": 298.7378,
            "max": 4138.7277,
            "p(90)": 922.3826399999999,
            "p(95)": 1113.12931
        },
        "http_req_tls_handshaking": {
            "max": 7950.2991,
            "p(90)": 264.31304,
            "p(95)": 650.8163900000004,
            "avg": 167.28299993142826,
            "min": 0,
            "med": 29.2547
        },
        "http_req_duration{expected_response:true}": {
            "p(95)": 1409.7051000000006,
            "avg": 524.9886320000012,
            "min": 102.2523,
            "med": 318.636,
            "max": 8454.3032,
            "p(90)": 1036.32834
        }
    },
    "root_group": {
        "id": "d41d8cd98f00b204e9800998ecf8427e",
        "groups": {},
        "checks": {
                "200 OK": {
                    "id": "e9654c443eff553da9e69eda7007924e",
                    "passes": 4375,
                    "fails": 0,
                    "name": "200 OK",
                    "path": "::200 OK"
                },
                "201 Created": {
                    "id": "728dcd977aae263ca314731145e1d447",
                    "passes": 0,
                    "fails": 4375,
                    "name": "201 Created",
                    "path": "::201 Created"
                },
                "204 No Content": {
                    "name": "204 No Content",
                    "path": "::204 No Content",
                    "id": "54fa3c2eda34e1622fda2da5e0479fc5",
                    "passes": 0,
                    "fails": 4375
                },
                "400 Bad Request": {
                    "id": "eeae81934b9b58bccaf0184a6d070338",
                    "passes": 0,
                    "fails": 4375,
                    "name": "400 Bad Request",
                    "path": "::400 Bad Request"
                },
                "401 Unauthorized": {
                    "name": "401 Unauthorized",
                    "path": "::401 Unauthorized",
                    "id": "6ae9254e6aefe7f0bafe5102fa7e20a5",
                    "passes": 0,
                    "fails": 4375
                },
                "403 Forbidden": {
                    "name": "403 Forbidden",
                    "path": "::403 Forbidden",
                    "id": "655548b761742c5a7ad15aa7df3a5d9c",
                    "passes": 0,
                    "fails": 4375
                },
                "404 Not Found": {
                    "fails": 4375,
                    "name": "404 Not Found",
                    "path": "::404 Not Found",
                    "id": "df1528f9925ca236bac51008f77b774a",
                    "passes": 0
                },
                "429 Too Many Requests": {
                    "name": "429 Too Many Requests",
                    "path": "::429 Too Many Requests",
                    "id": "b810c35b9499cc7342fd415032e3a6aa",
                    "passes": 0,
                    "fails": 4375
                },
                "500 Internal Server Error": {
                    "fails": 4375,
                    "name": "500 Internal Server Error",
                    "path": "::500 Internal Server Error",
                    "id": "3cd96245b24e869810efe46d533b0eef",
                    "passes": 0
                },
                "502 Bad Gateway": {
                    "id": "712cb0ec189a11f31f0d6d0c0031b569",
                    "passes": 0,
                    "fails": 4375,
                    "name": "502 Bad Gateway",
                    "path": "::502 Bad Gateway"
                },
                "503 Service Unavailable": {
                    "path": "::503 Service Unavailable",
                    "id": "f1ea1a22be0dc738c385523a66ea1cd9",
                    "passes": 0,
                    "fails": 4375,
                    "name": "503 Service Unavailable"
                },
                "504 Gateway Timeout": {
                    "name": "504 Gateway Timeout",
                    "path": "::504 Gateway Timeout",
                    "id": "218efb729cb654723ccd57c6ebbebe29",
                    "passes": 0,
                    "fails": 4375
                }
            },
        "name": "",
        "path": ""
    }
}